,road,km,type,name,length,condition,lat,lon,model_type
0,N1,462.254,source,source,0.0,A,20.8629167,92.298083,source
1,N1,460.113,RCC Girder Bridge,Yaknat Bridge,35.9,C,20.8809852229698,92.2977774,bridge
2,N1,459.866,Box Culvert,BUS STAND TEKNAF BOX CULVERT,1.5,C,20.8830704487341,92.2981629575949,bridge
3,N1,459.681,Box Culvert,BUS STAND TEKNAF BOX CULVERT,1.5,A,20.8845667240506,92.2987158890295,bridge
4,N1,458.799,RCC Girder Bridge,Eskahal Bridge,37.3,C,20.8901584525606,92.2957180800539,bridge
5,N1,458.213,RCC Girder Bridge,NAITOM PARA RCC GIDER BRIDGE,9.0,B,20.892271114035,92.2909840333333,bridge
6,N1,457.751,RCC Girder Bridge,Naitong Para (3 Bridge,9.0,A,20.8950896142857,92.2879523785714,bridge
7,N1,457.365,RCC Girder Bridge,NAITOM PARA RCC GIDER BRIDGE,15.1,B,20.8970988542857,92.2850607666666,bridge
8,N1,456.549,RCC Girder Bridge,NAITAN PARA RCC GIDER BRIDGE,23.0,B,20.9018849327974,92.2798735897106,bridge
9,N1,456.359,RCC Girder Bridge,BARIY TOLI RCC GIDER BRIDGE,6.1,B,20.9032027737864,92.2790446582524,bridge
10,N1,456.287,RCC Girder Bridge,BAROY TOLI RCC GIDER BRIDGE,8.3,C,20.9036912639175,92.2786932329896,bridge
11,N1,456.164,RCC Girder Bridge,BAROY TOLI RCC GIDER BRIDGE,17.5,C,20.9045718551546,92.2780768381443,bridge
12,N1,456.064,Slab Culvert,BARITOLI BOX CULVERT,2.8,A,20.9053051369863,92.2775738958904,bridge
13,N1,455.975,Slab Culvert,BORYTOLI SLAB CULVERT,2.8,A,20.9059771479674,92.2770855585365,bridge
14,N1,455.765,Slab Culvert,BORY TOLI SLAB CULVERT,2.8,A,20.9074479630252,92.2760590529411,bridge
15,N1,455.688,RCC Girder Bridge,Baroy toli (1 Bridge,29.3,C,20.908032127731,92.2756905852941,bridge
16,N1,455.496,RCC Girder Bridge,KARAN TOLI RCC GIDER BRIDGE,10.6,A,20.909456906278,92.2747873291479,bridge
17,N1,455.447,RCC Girder Bridge,KARUM TOLI RCC GIDER BRIDGE,10.6,A,20.909823120852,92.2745431860986,bridge
18,N1,455.366,RCC Girder Bridge,KARUMTOLI BRIDGE,23.7,C,20.9104284959641,92.2741396026905,bridge
19,N1,455.206,Slab Culvert,KARUM TOLI BOX CULVERT,1.3,A,20.9116242986547,92.2733424008968,bridge
20,N1,455.062,RCC Girder Bridge,KARUMTOLI,34.3,B,20.9126751559322,92.2727211220339,bridge
21,N1,454.769,Slab Culvert,KARUMTOLI (3BOX CULVERT,2.8,A,20.9146350810344,92.2712067017241,bridge
22,N1,454.673,Box Culvert,KAKUM TOLI CHACK BOX CULVERT,1.2,B,20.9153707224137,92.2707239706896,bridge
23,N1,454.498,RCC Girder Bridge,Sholo Bandar Teknaf Bridge,6.0,C,20.9167064980392,92.2698571431372,bridge
24,N1,454.33,RCC Girder Bridge,Karumtoli choto(1 Bridge,6.0,A,20.91799614,92.2691008942857,bridge
25,N1,454.219,Box Culvert,KARUNTON BOX CULVERT,1.2,A,20.9188881999999,92.26870765,bridge
26,N1,453.95,RCC Girder Bridge,Karumtoli Bridge,37.6,C,20.9209276456603,92.2674528079245,bridge
27,N1,453.372,Slab Culvert,DONMIA,2.7,D,20.9253890280839,92.2649451585301,bridge
28,N1,453.05,RCC Girder Bridge,DONOMIA,34.8,C,20.9281373875,92.264301196875,bridge
29,N1,452.793,Slab Culvert,DONDOMIA,2.7,A,20.9303996793814,92.2639787999999,bridge
30,N1,452.624,RCC Girder Bridge,DOMDO MIA,13.5,B,20.9318757724226,92.263712625,bridge
31,N1,452.561,RCC Girder Bridge,DOMDO MIA BRIDGE,13.5,B,20.9324260319587,92.2636134,bridge
32,N1,451.984,RCC Girder Bridge,DONDO MIA CHAK POST BRIDGE,51.0,B,20.93730526,92.26237497,bridge
33,N1,451.328,RCC Girder Bridge,DHANDO MIA,38.6,C,20.9427885228723,92.260596812234,bridge
34,N1,450.943,Box Culvert,DOMMO MIA BOX CULVERT,1.2,A,20.9458507925133,92.2603333,bridge
35,N1,450.759,Slab Culvert,DONDO MIA BOX CULVERT,2.7,A,20.9470947924242,92.2597883075757,bridge
36,N1,450.599,Box Culvert,DONDO MIA BOX CULVERT,1.5,A,20.9481536869565,92.2592633282608,bridge
37,N1,450.446,RCC Girder Bridge,DOMDO MIA BRIDGE,37.2,C,20.9491451322709,92.2584208880478,bridge
38,N1,449.7,RCC Girder Bridge,JADIMURA BRIDGE.,7.5,A,20.9549388422619,92.2555312529762,bridge
39,N1,449.439,Box Culvert,JADIMORH BOX CULVERT,1.2,A,20.9571000129411,92.2546526588235,bridge
40,N1,449.101,RCC Girder Bridge,Jadirghat Bridge,41.75,C,20.9599449953642,92.2537187390728,bridge
41,N1,448.926,RCC Girder Bridge,Noya Para Bridge,9.2,A,20.9614231446428,92.2532539928571,bridge
42,N1,448.581,Box Culvert,NOYA PARA BOX CULVERT(R,1.2,A,20.9641892820433,92.2518817702786,bridge
43,N1,448.581,Box Culvert,NOYA PARA (MUSJID BOX CULVERT(L,1.2,A,20.9641892820433,92.2518817702786,bridge
44,N1,448.481,Box Culvert,NOYA PARA CULVERT,1.2,A,20.9649678916913,92.2514288706231,bridge
45,N1,448.391,Box Culvert,NOYA PARA CULVERT,1.2,A,20.9655685949554,92.2508723928783,bridge
46,N1,448.054,RCC Girder Bridge,Mosinni Mor Bridge,8.8,B,20.967853415126,92.2489720949579,bridge
47,N1,447.893,Box Culvert,NAYA PARA BOX CULVERT,1.2,A,20.9691570827586,92.2486529011494,bridge
48,N1,447.401,RCC Girder Bridge,Noya Para Bridge,30.4,C,20.9732781770034,92.2493761152148,bridge
49,N1,447.084,Slab Culvert,NAYAPARA BOX CULVERT,2.8,A,20.9759372216027,92.2499898655052,bridge
50,N1,446.71,RCC Girder Bridge,LADAPARA RCC GIDER BRIDGE,36.6,C,20.9790279773542,92.2512228468609,bridge
51,N1,446.435,Box Culvert,LADA BAZAR BOX CULVERT,1.2,C,20.9813317189461,92.2521134830717,bridge
52,N1,445.478,RCC Girder Bridge,Ala Khali Kuna Para Bridge,29.9,C,20.9893582625336,92.2545712327493,bridge
53,N1,444.315,RCC Girder Bridge,Rongi-Khali Bridge,12.5,C,20.9994058966292,92.2537214265168,bridge
54,N1,443.564,Slab Culvert,RONGI HALI BOX CULVERT,2.8,B,21.0058252962264,92.252279838915,bridge
55,N1,443.024,RCC Girder Bridge,Chowdhory Para Bridge,45.6,C,21.0097686468354,92.2495377240506,bridge
56,N1,442.161,Slab Culvert,NAT MURA PARA BOX CULVERT,1.9,A,21.015929034375,92.2447567,bridge
57,N1,441.974,Slab Culvert,NILA DOGA PARA BOX CULVERT,2.8,A,21.0173417560386,92.2438384763284,bridge
58,N1,441.666,Slab Culvert,NILA - DORGA- PARA-(1 BOX,2.8,A,21.0198087471074,92.2428140276859,bridge
59,N1,440.977,Slab Culvert,NILA. BARAR BOX CULVERT,2.9,A,21.0256598717703,92.2418041698564,bridge
60,N1,440.724,Slab Culvert,NILLA BOX CULVERT (1,4.4,A,21.0279544680791,92.2415858245762,bridge
61,N1,440.028,RCC Girder Bridge,Nila-Hoab Rabg Bridge,32.1,C,21.0340308457564,92.2407063719557,bridge
62,N1,439.579,Box Culvert,ALI AXBAR PARA BOX CULVERT,6.2,A,21.0376449596296,92.2390520348148,bridge
63,N1,439.235,Box Culvert,MOULOVI BAZAR BOX CULVERT,1.2,C,21.0404408514814,92.2376541207407,bridge
64,N1,439.007,Box Culvert,MOULOVI BAZAR BOX CULVERT (1,1.2,C,21.0422652012594,92.2367552062972,bridge
65,N1,438.506,RCC Girder Bridge,MOULIVI BAZAR FISHARI BRIDGE,31.7,C,21.0464598480314,92.23512063937,bridge
66,N1,437.961,Box Culvert,KHARANG KHAIL,1.2,C,21.0508486063492,92.233513137037,bridge
67,N1,437.484,Box Culvert,KHARANG KHALI - BOX CUVERT (1,2.8,C,21.0519406592592,92.2296964950617,bridge
68,N1,437.063,RCC Girder Bridge,Naya Bazar(3 Bridge,11.8,C,21.0542867597222,92.2274586981481,bridge
69,N1,436.789,RCC Girder Bridge,Naya Bazar(2 Bridge,9.4,D,21.0562943527173,92.2266452831521,bridge
70,N1,436.6,Box Culvert,NOYA BAZAR CULVERT,1.2,C,21.0579897631578,92.226509045614,bridge
71,N1,436.388,RCC Girder Bridge,Noya Bazar(1 Bridge,30.9,C,21.0598736617647,92.2263822093137,bridge
72,N1,435.748,Box Culvert,NINA BAZAR BOX CULVERT,1.2,A,21.0650398482758,92.2245345498084,bridge
73,N1,435.22,RCC Girder Bridge,GIM - MOGARI BRIDGE,7.5,C,21.0695363333333,92.2245687666666,bridge
74,N1,435.013,RCC Girder Bridge,GIMON KHALI BRIDGE,5.8,B,21.071231875641,92.2242923685897,bridge
75,N1,434.831,Box Culvert,NOYA PARA,1.3,A,21.0724929467032,92.2235128087912,bridge
76,N1,434.573,RCC Girder Bridge,NAYAPARA,5.8,A,21.0741777849315,92.2222489445205,bridge
77,N1,434.37,RCC Girder Bridge,NOYA PARA (1 BRIDGE,6.1,C,21.0757171602316,92.2214353972973,bridge
78,N1,434.124,Slab Culvert,NOYA PARA (1 BOX CULVERT,3.0,A,21.077282565,92.2199300692307,bridge
79,N1,433.826,Box Culvert,KHANCHOR PARA- BOX CULVERT,1.0,A,21.079224345977,92.2181232950191,bridge
80,N1,433.665,Box Culvert,KHANCHOR PARA (2,1.0,A,21.0804429857142,92.2174040714285,bridge
81,N1,433.441,Box Culvert,RHANCHOR PARA BOX CULVERT,1.2,A,21.0822419459459,92.2166012177177,bridge
82,N1,433.178,RCC Girder Bridge,KHAN GOR PARA BRIDGE,14.0,B,21.0844125039525,92.2159198454545,bridge
83,N1,432.924,Box Culvert,KHANGOR PRAMARY (2,1.2,A,21.0864997,92.2151111,bridge
84,N1,432.865,Slab Culvert,KHAN GIOR PARA (1,2.8,A,21.0869591497109,92.2148363748555,bridge
85,N1,432.62,Box Culvert,KANGOR PARA MOZGID,1.2,A,21.088867034104,92.213695567052,bridge
86,N1,432.411,Slab Culvert,KANGOR PARA,2.7,A,21.0905260238297,92.2128845902127,bridge
87,N1,432.19,Slab Culvert,KUTUB - DIA PARA (3,4.2,A,21.0923827310126,92.2123111474683,bridge
88,N1,431.946,Box Culvert,KUTUB DIA PARA CULVERT,2.7,A,21.0944452155388,92.2116762629072,bridge
89,N1,431.877,Box Culvert,KUTUB DIA PARA (1 CULVERT,2.7,A,21.0950312659147,92.2114600974937,bridge
90,N1,431.398,Box Culvert,UNCHING OPLONG CULVERT (1,1.2,A,21.0988710315789,92.2096579157894,bridge
91,N1,431.167,Box Culvert,ON SIFAPAING BOX CULVERT,3.0,A,21.1005774145454,92.208578050909,bridge
92,N1,430.978,RCC Girder Bridge,Unchi-Prong Bridge,34.2,C,21.1020295703488,92.2079394552325,bridge
93,N1,430.582,Box Culvert,LAMBA BIL BOX,1.2,C,21.1052944333333,92.20739816,bridge
94,N1,430.287,Box Culvert,LAMBA BIL (3 BOX CULVERT,1.2,A,21.1078333,92.2061073045454,bridge
95,N1,430.072,Slab Culvert,LAM BA BIL (2 BOX CULVERT,2.8,A,21.1083165348837,92.2053339813953,bridge
96,N1,429.912,Box Culvert,LAMBA - BIL - (1 BOX CULVERT,2.8,A,21.108771344186,92.2048378697674,bridge
97,N1,429.719,Box Culvert,LAMBABIL MIDDLE,1.2,A,21.1098838904761,92.2033796485714,bridge
98,N1,429.615,Box Culvert,LAMBABIL MIDDLE PARA,1.2,A,21.1108101507936,92.2020956942857,bridge
99,N1,429.491,Box Culvert,LAMBA-BIL PORA,1.2,A,21.1118930148936,92.2005928021276,bridge
100,N1,429.081,RCC Girder Bridge,Tasse Bridge,12.8,D,21.1145580496021,92.1980208315649,bridge
101,N1,428.89,Slab Culvert,TASSI-PARA BAR,2.8,A,21.1159743461538,92.1970744923076,bridge
102,N1,428.578,Box Culvert,AMTULI BOX CULVERT,3.4,A,21.1184609383419,92.1962922290155,bridge
103,N1,428.095,RCC Girder Bridge,Hoacx Kang Barbar Bridge,72.6,B,21.1215698917647,92.1935169658823,bridge
104,N1,427.969,RCC Girder Bridge,HOA EX KANG BAZAE,3.2,A,21.1225347168141,92.1929605601769,bridge
105,N1,427.918,RCC Girder Bridge,Moa Ex Kang Bridge,13.0,C,21.1229108079646,92.1927223495575,bridge
106,N1,427.804,RCC Girder Bridge,WHIKE KANG BRIDGE,3.35,A,21.1237604940298,92.1921588880597,bridge
107,N1,427.622,RCC Girder Bridge,Wheke Kang Bridge,6.4,D,21.125103688724,92.1913674700296,bridge
108,N1,427.231,Box Culvert,WHIKE KANG BOX CULVERT,1.2,B,21.1278570099099,92.1891953267267,bridge
109,N1,427.154,Box Culvert,WHIKE KANG BOX CULVERT,1.2,A,21.1283226864864,92.1886718423423,bridge
110,N1,427.041,Box Culvert,W HIME KANG BOX CULVERT,1.2,A,21.1290060819819,92.187903612012,bridge
111,N1,426.915,RCC Girder Bridge,Balu Khali Bridge,7.9,D,21.1297680981982,92.1870470012012,bridge
112,N1,426.881,Box Culvert,BALU KHALI -2 BOX CULVERT,1.2,C,21.1299737216216,92.1868158522522,bridge
113,N1,426.555,RCC Girder Bridge,BALUR KHALI -(1 RCC GIDER BRIDGE,4.7,B,21.1318968873563,92.1846917362069,bridge
114,N1,425.882,RCC Girder Bridge,DMONIR GONA RCC GIDER BRIDGE,3.3,A,21.1342388024291,92.179158717004,bridge
115,N1,425.715,Box Culvert,ULIBANIA BOX CULVERT,1.3,C,21.1349149157894,92.1779379605263,bridge
116,N1,425.455,RCC Girder Bridge,ULUBANIA RCC GIDER BRIDGE,4.8,A,21.1360412976525,92.1760569938967,bridge
117,N1,425.267,RCC Girder Bridge,Porbo Kata Khali Bridge,15.2,C,21.1366125359375,92.1745027796875,bridge
118,N1,424.783,Box Culvert,ULI BANIA BOX CULVERT,1.2,C,21.1373350498154,92.1700112125461,bridge
119,N1,424.577,RCC Girder Bridge,KATA KHALI RCC GIDER BRIDGE,12.3,D,21.1376124564885,92.1680587053435,bridge
120,N1,424.395,RCC Girder Bridge,GIVATOLI RCC GIDER BRIDGE,32.0,C,21.1379210829268,92.1663534195121,bridge
121,N1,424.271,Box Culvert,GIVA TOLI BOX CULVERT,1.2,A,21.1380664956896,92.1651978,bridge
122,N1,424.075,RCC Girder Bridge,GIVA TOLI RCC GIDER BRIDGE,3.3,A,21.1388871840796,92.1636379074626,bridge
123,N1,423.804,RCC Girder Bridge,GIVATOLI RCC GIDER BRIDGE,3.3,A,21.140210455058,92.1615530950248,bridge
124,N1,423.67,RCC Girder Bridge,Karontoli Bridge,15.4,C,21.1408647661691,92.1605222283582,bridge
125,N1,423.442,RCC Girder Bridge,KARUN TOLI RCC GIDER BRIDGE,3.3,B,21.1425462548387,92.159429216129,bridge
126,N1,422.784,RCC Girder Bridge,PALONG KHALI RCC GIDER BRIDGE,58.0,C,21.1477676743494,92.1570426250929,bridge
127,N1,422.447,RCC Bridge,PALONG KHALI BAZAR BRIDGE,15.2,C,21.1498906490706,92.1552156215613,bridge
128,N1,422.081,RCC Girder Bridge,PALONG KHALI BAZAR (1,9.4,C,21.1524632792452,92.1534145867924,bridge
129,N1,421.358,Box Culvert,PALONG KHALI CULVERT,3.0,C,21.1584534746478,92.1525195633802,bridge
130,N1,421.156,Box Culvert,DAIM PARA CULVERT,3.0,A,21.1602045009259,92.1525257175926,bridge
131,N1,420.952,Box Culvert,DAIM PARA CULVERT,1.25,C,21.1619757444915,92.1523314669491,bridge
132,N1,420.606,Box Culvert,DAIM PARA CULVERT,4.6,A,21.16498780625,92.152190071875,bridge
133,N1,420.537,Box Culvert,DAIM PARA CULVERT,3.0,C,21.1655725596837,92.1522082019762,bridge
134,N1,420.406,RCC Girder Bridge,DAIM PARA BRIDGE,9.3,B,21.1666653482213,92.1523376486166,bridge
135,N1,420.18,Box Culvert,JAM TOLI BOX CULVERT,3.0,A,21.168232930909,92.1531459818181,bridge
136,N1,420.093,RCC Girder Bridge,Jam Toli Bridge,9.4,C,21.1688213638709,92.153662396129,bridge
137,N1,419.88,RCC Girder Bridge,CHANG KHALI BRIDGE,31.1,B,21.1703723502057,92.1547387765432,bridge
138,N1,419.63,RCC Girder Bridge,CHANG KHALI BRIDGE,9.4,C,21.1724828063829,92.1552940329787,bridge
139,N1,419.278,RCC Girder Bridge,Thang Khali Bridge,48.2,D,21.1754208098765,92.1562526135802,bridge
140,N1,419.036,Box Culvert,THANG KHALI BOX CULVERT,3.1,B,21.177417156701,92.1570372113402,bridge
141,N1,418.76,Box Culvert,THANGKHALI BOX CULVERT,3.1,C,21.1797067107296,92.1578310562231,bridge
142,N1,418.231,Box Culvert,GOGU GONA,1.2,A,21.1839744314735,92.1593026449213,bridge
143,N1,417.29,RCC Girder Bridge,BALUKHAKI,15.4,D,21.1888919350109,92.1658773557987,bridge
144,N1,416.966,RCC Girder Bridge,BALUKHALI,9.4,B,21.1907730988505,92.1680703199233,bridge
145,N1,416.354,Box Culvert,BAKUHHALI KASHAMIA,3.0,A,21.1953155305785,92.1705074661157,bridge
146,N1,416.057,RCC Girder Bridge,Balukali Old bus Stand Bridge,38.7,C,21.197632418584,92.1705772646017,bridge
147,N1,415.574,Box Culvert,BALUKHALI KASTOM,3.1,A,21.2019671732447,92.1704006677419,bridge
148,N1,415.296,Slab Culvert,BALUKHALI-2 SLAB,2.2,A,21.2043409872865,92.1703567258064,bridge
149,N1,415.056,Box Culvert,BALAKHALI TV CENTER,6.4,A,21.2063047283582,92.1700180179104,bridge
150,N1,414.0,Slab Culvert,KOSUKONA,2.2,A,21.2144308612244,92.1664067448979,bridge
151,N1,413.901,Slab Culvert,KUTUNG PALANG SLAB,1.8,A,21.2149359632653,92.1655512030612,bridge
152,N1,413.66,Slab Culvert,KATU PALLANG SLAB,2.0,A,21.2160115861386,92.1636641564356,bridge
153,N1,413.43,Slab Culvert,KASHO - BINNAI SLAB,2.1,C,21.21737604825,92.16248399175,bridge
154,N1,413.235,Steel Beam & RCC Slab,KOSHO - BINNA - BRIDGE,10.9,C,21.218960082,92.162077758,bridge
155,N1,412.931,Slab Culvert,KUTU - PALONG MOSZID SLAB,2.2,B,21.2215199757575,92.1617032590909,bridge
156,N1,412.008,Steel Beam & RCC Slab,KUTUB PALONG,11.3,C,21.2293155332673,92.1613561450495,bridge
157,N1,411.81,Slab Culvert,P. F PARA SLAB,2.0,A,21.2308784786138,92.1607571460396,bridge
158,N1,408.235,Steel Beam & RCC Slab,UKHIYA BAZAR,20.7,B,21.2457262593333,92.1373042073333,bridge
159,N1,407.785,Slab Culvert,UKLIA-SHAHABMARKAT,2.4,C,21.2489644871959,92.1328410912932,bridge
160,N1,407.239,Steel Beam & RCC Slab,OKYIA STATION,8.5,C,21.2504537,92.1307493,bridge
161,N1,406.791,Steel Beam & RCC Slab,WEST OGALA,11.1,C,21.2538028,92.12659709,bridge
162,N1,406.517,Slab Culvert,JADIMORA (1,2.4,A,21.2552064351464,92.1243872108786,bridge
163,N1,406.218,Arch Masonry,JADIMORA (3,17.0,A,21.2570550964285,92.1224165035714,bridge
164,N1,405.969,Slab Culvert,JADI MORA (2 CULVERT,2.4,A,21.2586242226573,92.1207179843356,bridge
165,N1,405.728,Steel Beam & RCC Slab,JADIMURA BRIDGE,6.6,C,21.2600473697902,92.1189860875524,bridge
166,N1,404.774,Steel Beam & RCC Slab,MODDO RAJAPALONG,11.5,C,21.2655833478485,92.1120674774526,bridge
167,N1,404.487,Steel Beam & RCC Slab,HIZOLIA BRIDGE,50.6,C,21.2671335430292,92.1098720509466,bridge
168,N1,404.393,Steel Beam & RCC Slab,EJILA,11.1,C,21.2676412724612,92.1091529913941,bridge
169,N1,403.79,Steel Beam & RCC Slab,CHADIRIKHANA,23.5,A,21.271611640763,92.1056070839357,bridge
170,N1,403.509,Steel Beam & RCC Slab,CHADIRIKHANA,23.5,A,21.2738921701807,92.1044785698795,bridge
171,N1,403.495,Box Culvert,RATNAPALANG,14.0,A,21.2740057908634,92.1044223449799,bridge
172,N1,402.323,Box Culvert,COURT BAZAR,10.3,A,21.2837382315436,92.1005546348993,bridge
173,N1,401.89,Steel Beam & RCC Slab,COTBAZR MUSLIM HOS,11.0,B,21.28755005,92.1000623912863,bridge
174,N1,401.752,Box Culvert,SHAPUR,14.1,A,21.2887748,92.0999549688796,bridge
175,N1,400.46,Steel Beam & RCC Slab,SHAPUR STEEL BEAM AND RCC SLAB,61.3,D,21.2997453619819,92.0974772590991,bridge
176,N1,400.027,Slab Culvert,MORICHIA PALONG,2.3,C,21.3035165189189,92.0968487459459,bridge
177,N1,399.452,Box Culvert,MORICHIA PALONG,2.4,B,21.308226843421,92.0972648315789,bridge
178,N1,398.406,Steel Beam & RCC Slab,MARIECHA BAZAR,49.3,C,21.3162096661991,92.0939592732117,bridge
179,N1,397.679,Arch Masonry,Jasoya check post.,1.3,B,21.3205831278931,92.0894967632047,bridge
180,N1,397.591,Steel Beam & RCC Slab,MORICHIA,11.2,D,21.3211087823529,92.0888836352941,bridge
181,N1,397.144,RCC Girder Bridge,JASOYA PALONG RCC GIDER BRIDGE,5.0,C,21.3237869258823,92.0857429782352,bridge
182,N1,396.596,Steel Beam & RCC Slab,JASOYA PALONG,45.6,C,21.3269177037394,92.0819708735826,bridge
183,N1,395.64,Steel Beam & RCC Slab,DOA PATONG,24.1,C,21.3338390771689,92.0790428645357,bridge
184,N1,395.328,Slab Culvert,KHONIA POLONG.,2.3,B,21.3365566114155,92.0789637010654,bridge
185,N1,394.681,Box Culvert,KHONIA POLONG,14.1,A,21.3420893171962,92.0788538753271,bridge
186,N1,394.307,Steel Beam & RCC Slab,CONIA PARA,11.3,C,21.3453322117757,92.0789703396261,bridge
187,N1,393.764,PC Girder Bridge,Modomconiara,21.5,C,21.3500251952038,92.0784342935251,bridge
188,N1,393.038,Box Culvert,NORTH CONIA PARA BOX CULVERT,4.0,A,21.3562553024,92.0790827,bridge
189,N1,392.742,Slab Culvert,NORTH CONIAPARA,2.2,C,21.3587458843457,92.0793395329439,bridge
190,N1,392.619,Slab Culvert,NORTH-CONIAPARA,1.3,A,21.3597277864485,92.0798025359813,bridge
191,N1,392.526,Box Culvert,TULA BAGAN,2.5,A,21.3604702002336,92.0801526114486,bridge
192,N1,392.422,Slab Culvert,TOLA BAGAN,1.6,B,21.3613004264018,92.0805440936915,bridge
193,N1,392.093,Slab Culvert,TULA BAGAN,1.3,B,21.3641002252199,92.0813316052785,bridge
194,N1,391.997,RCC Girder Bridge,TULA BAGUN,7.1,C,21.3649267960264,92.0813617278145,bridge
195,N1,391.664,Slab Culvert,PARARHORA CULVERT,1.3,B,21.367599241791,92.0804686731343,bridge
196,N1,391.521,Slab Culvert,TULA BAGAN.,1.3,A,21.3686452190839,92.0800514992366,bridge
197,N1,391.373,Slab Culvert,TELA BAGAN SLAB CULVERT,1.3,A,21.3697436389312,92.0796434824427,bridge
198,N1,391.255,Box Culvert,TULA BAGAN BOX CULVERT,1.3,A,21.3706902708737,92.0790672786407,bridge
199,N1,391.031,Slab Culvert,TULA BAGAN SLAB CULVERT,1.3,C,21.3724168458515,92.0778930973799,bridge
200,N1,390.814,Slab Culvert,PANCR CHAR SLAB CULVERT,1.3,C,21.3737957588607,92.0766236613924,bridge
201,N1,390.595,Slab Culvert,PANAR HORA SLAB CULVERT,1.3,A,21.3743800190751,92.0748617416184,bridge
202,N1,390.506,Slab Culvert,PANAR CHORI SLAB CULVERT,1.3,A,21.3745372352601,92.0740615132948,bridge
203,N1,390.356,Slab Culvert,DHALLA SLAB CULVERT,2.4,C,21.3750850565217,92.0730282999999,bridge
204,N1,390.142,Slab Culvert,DALA SLAB CULVERT,3.0,A,21.3762792890109,92.0717458313186,bridge
205,N1,390.047,Slab Culvert,DALA SLAB CULVERT,1.5,A,21.3768882285714,92.0711223285714,bridge
206,N1,389.899,Slab Culvert,DALA-3 SLAB CULVERT,2.2,C,21.3778510915584,92.0703548240259,bridge
207,N1,389.724,Slab Culvert,DALA-2 SLAB CULVERT,1.5,A,21.3793128,92.0704913857142,bridge
208,N1,389.684,Slab Culvert,DALA -2 SLAB CULVERT,1.5,B,21.3796187798882,92.0706130385474,bridge
209,N1,389.538,Slab Culvert,PANCHORI,0.8,A,21.3808422435754,92.0709982664804,bridge
210,N1,389.282,Slab Culvert,PANCHARA SLAB CULVERT,1.7,A,21.3829076671052,92.0709510842105,bridge
211,N1,389.258,Slab Culvert,PANCHORI SLAB CULVERT,1.8,B,21.3831050828947,92.0708809157894,bridge
212,N1,389.101,Slab Culvert,PANAR CHORA SLAB CULVERT,2.8,B,21.3844064618421,92.0705223447368,bridge
213,N1,388.956,Slab Culvert,PANCHARA SLAB CULVERT,1.8,C,21.3856411333333,92.0704543196078,bridge
214,N1,388.886,Slab Culvert,PANCHARA SLAB CULVERT,2.9,C,21.386218603409,92.0702884892045,bridge
215,N1,388.733,Slab Culvert,PANCHARA SLAB CULVERT,2.7,B,21.3874538459459,92.0697162891891,bridge
216,N1,388.565,Slab Culvert,PANAR CHORH -3 SLAB CULVERT,2.7,C,21.3888052,92.0689623,bridge
217,N1,388.328,Steel Beam & RCC Slab,PANCHORA STEEL BEAM AND RCC SLAB,22.0,C,21.3908555107438,92.0684757008264,bridge
218,N1,387.843,Box Culvert,PANCHORI,8.3,A,21.3950144227586,92.0675884137931,bridge
219,N1,387.398,Arch Masonry,CHALIYA TOLI -2 ARCH MASONRY,1.3,C,21.3987858977186,92.0665265524714,bridge
220,N1,387.23,Steel Beam & RCC Slab,RAKALAN PARA STEEL BEAM AND RCC SLAB,8.0,C,21.4001878992395,92.0660829174905,bridge
221,N1,386.968,Box Culvert,CHALIYATOLI,3.6,A,21.402009374844,92.0647406251559,bridge
222,N1,386.494,Slab Culvert,CHALATOLI,1.6,A,21.4041499171641,92.0618387037313,bridge
223,N1,386.07,RCC Bridge,SHAMMOTI PARA,10.0,D,21.4063607143344,92.0580467784983,bridge
224,N1,385.78,Slab Culvert,SOUTH MITHACHARI,2.8,A,21.4079574071005,92.0560124923076,bridge
225,N1,385.614,Slab Culvert,SOUTH MITHACHARI,3.0,A,21.4088399161904,92.0550238095238,bridge
226,N1,385.237,Slab Culvert,SOUTH MITTA CULVERT,1.9,A,21.4099236838827,92.0518884435897,bridge
227,N1,384.978,Box Culvert,SOUTH MITHACHARI,8.2,A,21.4102981858461,92.0496622239999,bridge
228,N1,384.788,Slab Culvert,SOUTH MITHACHARI,2.2,B,21.4102488567901,92.0480366814814,bridge
229,N1,384.358,Steel Beam & RCC Slab,SOUTH MITTA CHORI,8.3,B,21.4110029325153,92.0443379558282,bridge
230,N1,384.001,Box Culvert,SHORAR COOL,8.3,A,21.4124968430517,92.0395268517711,bridge
231,N1,383.632,Box Culvert,KANAR PARA,10.9,A,21.4142599314893,92.0386736859574,bridge
232,N1,383.269,RCC Girder Bridge,HAMBIR GONA-(2,8.1,C,21.4161167631868,92.0359357093406,bridge
233,N1,383.098,Box Culvert,HAMBIR GONA (1,7.2,B,21.4170232427616,92.0347260730512,bridge
234,N1,382.649,Box Culvert,KAMBIR GONA,2.4,C,21.4194017834586,92.031682906015,bridge
235,N1,382.055,Steel Beam & RCC Slab,BASIC ARIA (1,11.3,C,21.4226721680412,92.0272924520618,bridge
236,N1,381.985,RCC Girder Bridge,BESIC AREA,4.5,C,21.423063061512,92.0267879589347,bridge
237,N1,381.374,Box Culvert,LINK ROAD CULVERT,9.0,A,21.426498621044,92.0238834076672,bridge
238,N1,380.759,Box Culvert,RABAR DAM BOX,10.3,A,21.4301539217391,92.0283434956521,bridge
239,N1,380.615,Box Culvert,MOHURI RARA BOX,3.5,A,21.4303257834586,92.0296206984962,bridge
240,N1,380.346,RCC Girder Bridge,Bakkhali Bridge,136.3,C,21.4294033629834,92.0318887491712,bridge
241,N1,379.504,Box Culvert,MUKTAR KUL,9.2,A,21.4297884,92.0395945696,bridge
242,N1,379.004,Box Culvert,WEST DOVGE BOX CULVERT,10.9,A,21.4294452102564,92.0443807192307,bridge
243,N1,378.492,RCC Girder Bridge,SARKAR PARA BRIDGE,13.0,A,21.4275245,92.0486482172786,bridge
244,N1,378.02,Box Culvert,KHURULIA CHAIRMAN PARA BOX CULVERT,7.2,A,21.4280584948275,92.0532281715517,bridge
245,N1,377.753,Box Culvert,KHURULIA SCHOOL BOX CULVERT,18.6,A,21.4280296848739,92.0557570361344,bridge
246,N1,377.519,Box Culvert,KHURULIA SCHOOL BOX CULVERT,16.6,A,21.4278354522255,92.0579673860534,bridge
247,N1,377.189,Box Culvert,KHURULIA CULVERT,6.8,A,21.4273089357414,92.0610656669201,bridge
248,N1,376.931,Box Culvert,KHURUTIA BOX CULVERT,2.0,A,21.4271759977099,92.0634431893129,bridge
249,N1,376.062,Box Culvert,CHAKMAR KOOL BOX CULVERT,9.4,A,21.4273654498084,92.0708934808429,bridge
250,N1,375.416,Box Culvert,CHAKMARKOOL,12.4,A,21.4264716,92.0767771,bridge
251,N1,375.035,Box Culvert,SAMBAR PUL CULVERT,7.4,A,21.4267747132812,92.0804427367187,bridge
252,N1,374.655,Box Culvert,ROMA TECHIPUL,8.2,A,21.4271063768115,92.0840258231884,bridge
253,N1,374.081,Box Culvert,ROMA CALLAGE BOX CULVERT,18.8,A,21.427895984,92.089450816,bridge
254,N1,373.598,Box Culvert,RAMU MOUR BOX CULVDERT,12.8,A,21.4283515971831,92.0940714267605,bridge
255,N1,373.424,Box Culvert,RAMU BY PASS MORE,3.5,A,21.4288400316455,92.0953913860759,bridge
256,N1,373.192,Box Culvert,RAMU BRAC OFFICE,7.2,A,21.4308087593886,92.0961182921397,bridge
257,N1,372.782,Box Culvert,MARULA BOX CULVERT,2.5,A,21.4342084624161,92.0972607067114,bridge
258,N1,372.43,Box Culvert,MARULA (WEST,3.0,A,21.4372009552325,92.0983672723837,bridge
259,N1,371.848,PC Girder Bridge,MITACMARI RAMU BRIDGE,58.6,B,21.4418389714285,92.1007083571428,bridge
260,N1,371.64,Box Culvert,RAMU HOSPITAL GATE,1.5,A,21.4433865625,92.1012678785714,bridge
261,N1,370.799,Box Culvert,MITA CHARI BOX CULVERT,9.2,A,21.4505569351351,92.0994681432432,bridge
262,N1,368.703,Box Culvert,JOARIANALA CULVERT,14.0,B,21.4655415307901,92.1026566882833,bridge
263,N1,368.129,PC Girder Bridge,Joarianala Bazar Bridge,57.65,A,21.470055530337,92.1006402232209,bridge
264,N1,367.6,Box Culvert,JORIANALA,3.0,A,21.4738446327586,92.0980125862068,bridge
265,N1,367.362,Box Culvert,JOARIANALA,14.0,A,21.4755164496,92.0967866511999,bridge
266,N1,366.98,Box Culvert,JOARIANALA CULVERT,7.2,A,21.4782130684357,92.0947151779329,bridge
267,N1,364.184,Box Culvert,"ROSHIDNAGAR U,R CULVERT",14.1,A,21.4948695143646,92.0783346952486,bridge
268,N1,364.056,Box Culvert,ROSHIDNAGAR (2,14.0,A,21.4957534922651,92.0776785856353,bridge
269,N1,362.889,Box Culvert,DOLERCHARA CULVERT,12.4,A,21.5051319429577,92.0744452552816,bridge
270,N1,362.691,Box Culvert,DOLERCHARA CULVERT,7.5,A,21.5065069274647,92.0733026419014,bridge
271,N1,362.168,Box Culvert,ROSHIDNAGAR CULVERT,2.5,A,21.5104396976562,92.0708606554687,bridge
272,N1,361.751,Box Culvert,RASHIDNAGAR,3.0,A,21.5137419731132,92.069340890566,bridge
273,N1,361.043,Box Culvert,KALIRCHAR,5.0,A,21.5195088091891,92.0666746302702,bridge
274,N1,360.89,Box Culvert,KALIRCHARA BAZAR BOX CULVERT,15.4,A,21.5207709407407,92.0661440629629,bridge
275,N1,360.551,Box Culvert,KALIRCHARA BOX CULVERT,8.0,A,21.5237332279069,92.0655747598837,bridge
276,N1,360.345,Box Culvert,SHAT GOREA PARA BOX CULVERT,14.0,A,21.5255297395348,92.0653252244186,bridge
277,N1,358.03,PC Girder Bridge,eidgaon,44.6,C,21.5470666065573,92.0668953754098,bridge
278,N1,357.264,PC Girder Bridge,EIDGAON BAZAR PC GIDER BRIDGE,46.0,A,21.5554256122448,92.0679503244898,bridge
279,N1,356.631,Box Culvert,ISLAMABAD KHODIA BARI BOX CULVERT,7.0,A,21.5594892512064,92.0689481,bridge
280,N1,356.517,Box Culvert,ISLAMABAD KHODIABARI BOX CULVERT,4.8,A,21.5603042595174,92.0691476,bridge
281,N1,356.261,Box Culvert,KHODIA BARI PRIMARY BOX CULVERT,9.5,A,21.5623201688888,92.0698139251851,bridge
282,N1,354.739,Box Culvert,NAEK KHALI BOX CULVERT,12.4,A,21.5744075162901,92.0707446712247,bridge
283,N1,353.694,Box Culvert,EAST NAPITL KHAL BOX CULVERT,2.5,A,21.5830741250341,92.0657158465116,bridge
284,N1,353.162,Box Culvert,NAPITE KHALI,4.5,C,21.5876028,92.0649047857142,bridge
285,N1,352.641,Box Culvert,NAPITE KHALI CULVERT,1.4,A,21.5894309740196,92.0630313509804,bridge
286,N1,352.064,Box Culvert,FULCHARI BAZAR,14.0,A,21.5960736973421,92.0614095408637,bridge
287,N1,351.628,Box Culvert,FULCHARI CULVERT,9.3,A,21.5985935301507,92.061801241206,bridge
288,N1,350.99,Box Culvert,FULCHARI (NEWPARA,5.2,A,21.6051753127979,92.0621198087829,bridge
289,N1,350.674,Box Culvert,FULCHARI (NEWPARA,7.0,A,21.6065189670012,92.0623070695106,bridge
290,N1,349.759,RCC Girder Bridge,khutakhali bazar,45.3,B,21.618376660401,92.0691713375939,bridge
291,N1,349.092,Box Culvert,KHUTAKHALI,1.45,B,21.6225351880109,92.0737034768392,bridge
292,N1,345.911,Box Culvert,PAGOLARIBIL,4.5,A,21.6480847609561,92.0733292227091,bridge
293,N1,345.592,PC Girder Bridge,Boyragir Khil Bridge,60.03,C,21.6508560658227,92.0735619202531,bridge
294,N1,344.531,PC Girder Bridge,Dulahajar Bridge,54.03,C,21.6600543017045,92.0751025664772,bridge
295,N1,344.209,Box Culvert,DULAHAJARA CULVERT,3.5,A,21.6629404415143,92.075071645953,bridge
296,N1,343.243,Box Culvert,DULAHAJARA (SAFARI PARK,14.0,A,21.6721049602836,92.0763992531915,bridge
297,N1,342.77,RCC Girder Bridge,Polia Fari Bridge,58.57,C,21.676279289928,92.0768074748201,bridge
298,N1,339.648,Box Culvert,CHOHAJANIYA (2,9.3,A,21.7028300370967,92.0786456251612,bridge
299,N1,338.859,Box Culvert,CHOHAJANYA (1,12.8,A,21.7092513759013,92.0806750603415,bridge
300,N1,337.019,Box Culvert,HASIRUGIGI,12.6,A,21.7240739341074,92.083544148476,bridge
301,N1,336.237,RCC Girder Bridge,Pasiyakali Bridge,38.4,C,21.7309878314917,92.0838156441988,bridge
302,N1,336.054,Box Culvert,PASIYAKALI BOX CULVERT,5.2,A,21.7326068595588,92.0837488330882,bridge
303,N1,335.38,Box Culvert,KUMARIKOOL BOX CULVERT,14.0,A,21.7385629191489,92.0831876319149,bridge
304,N1,335.192,Box Culvert,BANDI BAZAR BOX CULVERT,9.3,B,21.7401466184971,92.0826243745664,bridge
305,N1,331.259,RCC Girder Bridge,Mathamuhuri Bridge,294.15,D,21.7715943354948,92.0821099546075,bridge
306,N1,330.931,Box Culvert,DIDDA BAZAR BOX CULVERT,15.7,A,21.7735339222222,92.0839144733333,bridge
307,N1,329.499,Box Culvert,NOLBELA BOX CULVERT,14.2,B,21.7841953311111,92.0792425355555,bridge
308,N1,329.181,Box Culvert,NOL BELA BOX CULVERT,21.0,A,21.786997484,92.0789493159999,bridge
309,N1,329.084,Box Culvert,NOL BELA-1 BOX CULVERT,20.6,A,21.787854008387,92.0788540064516,bridge
310,N1,327.312,Box Culvert,BANIYAR CHORA,14.0,A,21.8034238025641,92.0772322128205,bridge
311,N1,325.49,Box Culvert,BODOITOLI BOX CULVERT,14.0,A,21.8181692602209,92.0739442353591,bridge
312,N1,325.153,Box Culvert,BODAITALI BOX CULVERT,12.4,A,21.8211428750483,92.0740201388781,bridge
313,N1,324.607,RCC Girder Bridge,Bodoitola Bridge,45.0,C,21.8257831806122,92.0723466282313,bridge
314,N1,324.331,Box Culvert,AKOTA BAZAR BOX CULVERT,7.3,A,21.8280258214285,92.0713035547619,bridge
315,N1,323.619,Box Culvert,ATKOTA,15.8,A,21.8341033152866,92.0682735910828,bridge
316,N1,322.823,Box Culvert,HAR BAG BOX CULVERT,3.0,A,21.8403935683229,92.0649325472049,bridge
317,N1,322.5,Box Culvert,HAR BAG BOX CULVERT,4.5,A,21.8429700741784,92.0635984638497,bridge
318,N1,321.536,Box Culvert,HARBANG,2.1,A,21.8508595323144,92.0609491344978,bridge
319,N1,321.305,Box Culvert,ALIPUR BOX CULVERT,14.3,A,21.8529287900552,92.0609576198894,bridge
320,N1,320.513,PC Girder Bridge,Harbang Chora Bridge,56.2,C,21.8599725797297,92.0601907085585,bridge
321,N1,320.189,Box Culvert,HARBANG,3.0,A,21.8628351415656,92.0594848712238,bridge
322,N1,318.796,Box Culvert,HARBANG,3.0,A,21.8751197401574,92.0591098413385,bridge
323,N1,318.11,Box Culvert,GHOIL MARA BOX CULVERT,9.3,A,21.8812215213685,92.0590015447779,bridge
324,N1,317.001,Box Culvert,HARBHANG CHOR,13.64,A,21.8910236519337,92.0597010756906,bridge
325,N1,315.009,Box Culvert,AZIZ NAGOR 2,9.2,A,21.909622912133,92.0605661266144,bridge
326,N1,314.502,Box Culvert,AZIZ NAGOR 1,4.0,A,21.9140727206278,92.0605472089686,bridge
327,N1,314.144,Box Culvert,AZIZ NOGAR BOX CULVERT,3.0,A,21.9167591663366,92.0599899313531,bridge
328,N1,313.947,Box Culvert,AZIZNAGOR BOX CULVERT,2.0,A,21.9179119605128,92.0597362988034,bridge
329,N1,312.609,Box Culvert,AZIZ NOGOR FOREST BOX CULVERT,4.7,A,21.93038125,92.0596840375,bridge
330,N1,312.354,Box Culvert,AZIZNAGOR FOREST BOX CULVERT,4.5,A,21.9323086726114,92.0608009579617,bridge
331,N1,312.138,Box Culvert,BACK FILD BOX CULVERT,9.3,A,21.9339454415019,92.0616661541501,bridge
332,N1,311.886,Box Culvert,BRICK FIELD BOX CULVERT,4.5,A,21.9360290154471,92.0625427235772,bridge
333,N1,310.723,Box Culvert,SANTI BOX CULVERT,1.4,A,21.9453993720173,92.0669286609544,bridge
334,N1,309.971,RCC Girder Bridge,Santi Bridge,22.3,B,21.9520795406909,92.0678138084453,bridge
335,N1,309.355,Box Culvert,BON PUKUL PARA BOX CULVERT,3.0,A,21.9580321636363,92.0663932818182,bridge
336,N1,309.038,Box Culvert,BONPUKR PARA BOX CULVERT,8.2,A,21.9592401112903,92.0652791298387,bridge
337,N1,308.652,RCC Girder Bridge,Rataykul Bridge,22.4,A,21.9622138572549,92.0633168764705,bridge
338,N1,307.981,Box Culvert,AODU NAGOR (2 BOX CULVERT,1.5,A,21.9689581196808,92.0641501117021,bridge
339,N1,307.229,Box Culvert,MUSKAMPANI PARA BOX CULVERT,2.5,A,21.9738684029498,92.0683204789577,bridge
340,N1,306.139,Box Culvert,SHIX DAR PARA BOX CULVERT,3.5,A,21.979298574269,92.0758492263157,bridge
341,N1,305.794,Box Culvert,HATIAR PULL BOX CULVERT,18.7,A,21.9804623633858,92.0788716271653,bridge
342,N1,305.527,RCC Girder Bridge,Hatirpul Bridge,22.4,B,21.9819040437735,92.080773326415,bridge
343,N1,304.857,RCC Girder Bridge,Adunagar Bridge,22.0,B,21.9870408741379,92.0839943655172,bridge
344,N1,304.449,Box Culvert,ZADUNAGOR BUS STATION BOX CULVERT,14.2,A,21.990280244375,92.08568596625,bridge
345,N1,304.217,PC Girder Bridge,KHASMOHAL ADUNAICR PC GIDER BRIDGE,58.8,A,21.9922334387096,92.0863582073732,bridge
346,N1,303.793,Box Culvert,ZADUNAPUR SHAPIR FILLING STATION -(2 BOX CULVERT,12.4,A,21.9957410021937,92.0874460645338,bridge
347,N1,303.782,Box Culvert,ZADUNAGOR FILLING BOX CULVERT,3.0,A,21.9958359641681,92.0874589126142,bridge
348,N1,303.237,Box Culvert,DIGIRPAR BOX CULVERT,6.2,A,22.00042964,92.0883193766666,bridge
349,N1,302.729,Box Culvert,DIGIRPARK BOX CULVERT,12.6,A,22.0041726139784,92.0905686346236,bridge
350,N1,302.237,Box Culvert,LOHAGORA L.S BOX CULVERT,3.0,A,22.0078200503225,92.0927765812903,bridge
351,N1,300.406,Box Culvert,AMIRABAD LOHAGORA BOX CULVERT,10.0,A,22.0204980278439,92.1014277681473,bridge
352,N1,299.756,Box Culvert,AMIRABAD LOHAGOR BOX CULVERT,2.0,A,22.0260045474972,92.1026967443826,bridge
353,N1,299.434,PC Girder Bridge,AMIRABAD PC GIDER BRIDGE,68.8,A,22.0287013636363,92.1034293272727,bridge
354,N1,299.057,Box Culvert,AMIRABAD BOX CULVERT,2.5,A,22.031864884656,92.1041246666666,bridge
355,N1,298.405,Box Culvert,TALOCKDNR PARA BOX CULVERT,2.5,A,22.0375898525773,92.1039891092783,bridge
356,N1,297.569,Box Culvert,BARO AWLIA(R,13.64,A,22.0440962566176,92.1070629529411,bridge
357,N1,297.034,Box Culvert,PODUA BAZAR BOX CULVERT,6.0,A,22.0483713234624,92.1081938519362,bridge
358,N1,296.647,Box Culvert,PODUA BAZAR BOX CULVERT,12.6,A,22.0519296419354,92.1090613887096,bridge
359,N1,296.135,Box Culvert,PODUA NOYA PARA BOX CULVERT,8.2,A,22.0565051155339,92.1090854592233,bridge
360,N1,295.625,Box Culvert,NOYA PARA BOX CULVERT,2.5,A,22.06088615,92.10773337,bridge
361,N1,295.295,PC Girder Bridge,KHORIANAGAR BRIDGE,38.8,A,22.0637567157894,92.1071061094736,bridge
362,N1,294.77,Box Culvert,THAKUR DIGI BOX CULVERT,2.0,A,22.0679099558303,92.1055530035335,bridge
363,N1,294.534,RCC Girder Bridge,Raj Ghata Bridge,30.3,B,22.0695600813559,92.1042754237288,bridge
364,N1,293.134,Box Culvert,MITADIGI,12.6,A,22.080520608,92.0984855314285,bridge
365,N1,292.426,Box Culvert,MITADIGI ACADEMY,2.0,A,22.0840668315789,92.093196937799,bridge
366,N1,290.719,Box Culvert,KOACHIA(MADARBHI,11.2,A,22.0935775004504,92.0805047995495,bridge
367,N1,289.889,Box Culvert,KARANERHAT CULVERT,7.2,A,22.09827857,92.074800422,bridge
368,N1,288.329,Box Culvert,KARANERHAT CULVERT,5.0,A,22.1133524851063,92.0726869042553,bridge
369,N1,287.487,Box Culvert,NOYA KHALAR MUK (KARANIERHAT BOX CULVERT,20.4,A,22.1204875006655,92.0719705134775,bridge
370,N1,287.144,Box Culvert,NOYAKHALARMUK,15.4,A,22.1230775989717,92.071701048329,bridge
371,N1,286.631,RCC Girder Bridge,NOYAKHALAR MUK,28.0,A,22.1277338010309,92.0710012276288,bridge
372,N1,286.378,PC Girder Bridge,PATANER PULL(BRIDGE,34.6,A,22.1299160285714,92.0706024714285,bridge
373,N1,286.08,Box Culvert,PATATR PULL CULVERT,15.4,A,22.1325208428571,92.0701565366459,bridge
374,N1,285.58,Box Culvert,MOULOVER DOKAN,12.4,A,22.1369522329341,92.0699301281437,bridge
375,N1,284.134,Box Culvert,KATGOR CULVERT,9.2,A,22.1498523145631,92.0696330718446,bridge
376,N1,282.994,RCC Girder Bridge,Sangu Bridge,211.0,B,22.1586272806451,92.0682063096774,bridge
377,N1,280.299,Box Culvert,NOYARHAT,12.3,B,22.1739178955307,92.0532925435754,bridge
378,N1,276.281,Box Culvert,KHOLGHAR CUL,9.2,B,22.2049837597806,92.0383312340036,bridge
379,N1,275.943,RCC Girder Bridge,Mazar Point Bridge,50.8,D,22.2071026538461,92.03633246993,bridge
380,N1,274.66,Box Culvert,GASBAREA COLLEGE BOX CULVERT,9.2,A,22.2155873504854,92.0290230394174,bridge
381,N1,273.878,Box Culvert,GASBAREA BOX CULVERT,14.0,A,22.2222719897959,92.0273785979591,bridge
382,N1,273.443,Box Culvert,NORTH JOARA PAKKAR DOKAN,9.4,B,22.2260608528604,92.0264650356979,bridge
383,N1,273.008,Steel Beam & RCC Slab,Kanchon Nagar Bridge,12.7,B,22.2314978226851,92.0249656611111,bridge
384,N1,272.356,Box Culvert,KANCHANAGAR CUL,14.0,A,22.2366345532374,92.0232647489208,bridge
385,N1,271.89,Box Culvert,ROWSONAT CUL,14.0,A,22.24038615762,92.0217918336116,bridge
386,N1,270.642,Box Culvert,MOJAFFORABAD,9.4,A,22.2487130149162,92.0158341025875,bridge
387,N1,269.99,Box Culvert,MOJAFFORABAD BOX CULVERT,6.0,A,22.2531199613981,92.0119718729483,bridge
388,N1,269.721,Box Culvert,MOJAFFARABAD,9.2,A,22.2549374824626,92.0103021287313,bridge
389,N1,269.199,Box Culvert,AJIMPUR CUL,9.8,C,22.2590515857142,92.0081111238095,bridge
390,N1,268.954,RCC Girder Bridge,KHORNA BVS STATION,14.8,C,22.2611613745967,92.0073035838709,bridge
391,N1,267.818,Box Culvert,KHORNA CULVERT,3.0,A,22.2710895749999,92.00559725,bridge
392,N1,266.424,Box Culvert,KOMOLMUNSHE HAT BOX CULVERT,14.0,B,22.2811424692972,91.9995571696216,bridge
393,N1,265.483,PC Girder Bridge,SRIMI BRIDGE,60.5,C,22.2859320161666,91.992309198,bridge
394,N1,264.369,Box Culvert,PALYA BUS STATION,12.4,A,22.2911451997412,91.9833668252263,bridge
395,N1,262.116,PC Girder Bridge,PATIYA BRIDGE,50.8,C,22.3006016043999,91.9658457726,bridge
396,N1,259.795,Box Culvert,UZIRPUR HIGH SCHOOL,3.0,A,22.3084394099236,91.9483886979643,bridge
397,N1,257.94,Steel Beam & RCC Slab,Pirol,5.3,A,22.3137565607999,91.9339832312,bridge
398,N1,256.89,Box Culvert,UTTOR SONAPUR,3.0,A,22.3157468089473,91.9243524131578,bridge
399,N1,256.378,Box Culvert,MONSHA CULVERT,3.0,A,22.3137546831094,91.9203176378118,bridge
400,N1,255.505,Box Culvert,MUNSHA BOX CULVERT(L,10.8,B,22.3083189877358,91.9142153009434,bridge
401,N1,255.505,Box Culvert,tassi bazer(R,3.0,A,22.3083189877358,91.9142153009434,bridge
402,N1,254.333,Box Culvert,KUSUMPUR BOX CULVERT,3.0,A,22.3035365502293,91.9044227217889,bridge
403,N1,253.777,Box Culvert,SHANTERHAT BOX CULVERT,3.1,B,22.3021025781938,91.8992582823788,bridge
404,N1,252.506,Box Culvert,SHANTERHAT CULVERT,3.0,B,22.2988369230769,91.8873512822898,bridge
405,N1,251.538,PC Girder Bridge,SHIKALBAHA BRIDGE,116.5,C,22.2962698699619,91.8807528022813,bridge
406,N1,251.281,Box Culvert,SHIKALBAHA BOX CULVERT,3.0,A,22.2944653526717,91.876717971374,bridge
407,N1,250.841,Box Culvert,SHIKALBAHA MORE,3.0,A,22.2926079302013,91.8730201176733,bridge
408,N1,250.519,Box Culvert,NOLBILA CULVERT,3.0,A,22.2916421411764,91.8702911411764,bridge
409,N1,250.215,Slab Culvert,ISLAMPUR CULVERT,1.5,A,22.2932366309133,91.8684360651053,bridge
410,N1,249.674,Box Culvert,KADUMTOLI CULVERT,3.0,A,22.2975350260563,91.866363031514,bridge
411,N1,249.348,Box Culvert,SHIKALBAHA BOX CULVERT,5.7,B,22.3002851293515,91.8652980307167,bridge
412,N1,249.04,Box Culvert,SOUTH MITTACHORI,3.0,A,22.3026235524271,91.8635646970873,bridge
413,N1,248.499,Box Culvert,SHIKALBAHA,15.2,C,22.306457756,91.860449028,bridge
414,N1,247.637,RCC Girder Bridge,SHIKALBAHA BRIDGE,11.0,C,22.3129265129032,91.856181916129,bridge
415,N1,246.02,Truss With Timber Deck,Hajrath Sha Amanath Satu,914.0,C,22.3266451369152,91.852759390139,bridge
416,N1,244.975,RCC Girder Bridge,Rajakhali Bridge,49.31,C,22.3349153368556,91.8533979043814,bridge
417,N1,244.856,RCC Girder Bridge,Tulatuli Bridge,40.38,C,22.3357673216494,91.8538536927835,bridge
418,N1,244.367,RCC Girder Bridge,5 No hafez bazar Bridge,39.67,C,22.3395393508599,91.8533871579852,bridge
419,N1,242.898,RCC Girder Bridge,BAKULIA BRIDGE,14.7,B,22.3522674714754,91.852622049836,bridge
420,N1,242.016,Box Culvert,BOALIA BOX CULVERT,4.65,C,22.3599057425992,91.8522694918171,bridge
421,N1,231.966,Box Culvert,CORNAIL HAT BOX CULVERT,3.0,A,22.3696841276595,91.7739258709219,bridge
422,N1,230.921,Box Culvert,GLAXO BOX CULVERT,8.3,A,22.3797011826666,91.7670476533333,bridge
423,N1,230.13,Box Culvert,PAKKA MATA BOX CULVERT,3.0,A,22.38524588272,91.76250565776,bridge
424,N1,229.203,PC Girder Bridge,GAMMON BRIDGE,18.0,A,22.3927175345622,91.7590882138248,bridge
425,N1,228.797,Box Culvert,T. B HOSPITAL GATE BOX CULVERT,3.0,A,22.3963398830265,91.7582551580777,bridge
426,N1,228.029,Box Culvert,VATIARI CULVERT,5.0,A,22.4030145445,91.75657411625,bridge
427,N1,225.702,PC Girder Bridge,DHAMAKHALI BRIDGE,35.1,B,22.4220415536,91.7480209792,bridge
428,N1,224.053,RCC Girder Bridge,VATERIE BRIDGE,40.0,A,22.4350737918918,91.7396527192432,bridge
429,N1,223.743,Box Culvert,HASNA BAD BOX CULVERT,3.0,A,22.4375035216216,91.7386659473513,bridge
430,N1,222.687,RCC Girder Bridge,SALAKHARPAD BRIDGE,26.3,C,22.4460793332411,91.7353674287057,bridge
431,N1,222.357,Box Culvert,KODOM RASUL BOX CULVERT,3.0,A,22.4488628503871,91.7342823894358,bridge
432,N1,220.725,RCC Girder Bridge,Modonhat Bridge,24.32,D,22.4624386352,91.7285307,bridge
433,N1,219.427,Box Culvert,HATIBORI BOX CULVERT,6.0,A,22.4728530893544,91.7232633541336,bridge
434,N1,218.441,RCC Girder Bridge,Baro Aulia,24.33,D,22.4811642144766,91.7203633632516,bridge
435,N1,217.942,Box Culvert,BARAOWLLA BOX CULVERT,4.5,A,22.4855480068965,91.7195309517241,bridge
436,N1,217.377,Box Culvert,GORA MARI BOX CULVERT,3.0,B,22.4904405976324,91.7182726733934,bridge
437,N1,216.196,RCC Girder Bridge,GORA MARA RCC GIRDER BRIDGE,17.6,A,22.5000858335766,91.7141504905109,bridge
438,N1,215.467,Box Culvert,ROYL CIMINT GATE CULVETRT,4.5,A,22.5060220437735,91.7112848218867,bridge
439,N1,214.807,RCC Girder Bridge,BORO KUMIRA BRIDGE,27.0,C,22.5113471164122,91.7087907889313,bridge
440,N1,213.386,Arch Masonry,KYSTELGATE ARCH,16.3,B,22.5229359167189,91.7038366163009,bridge
441,N1,212.483,Box Culvert,GULAM JUTE MILE BOX CULVERT,3.0,A,22.5303678038461,91.7004641228571,bridge
442,N1,211.433,Box Culvert,SOTTANA MONDIR CULVERT,8.2,A,22.5390300234693,91.6965452744898,bridge
443,N1,210.776,Box Culvert,DOKHIN BASH-KHALI BOX CULVERT,5.2,A,22.5444897756363,91.6941310785454,bridge
444,N1,210.476,Box Culvert,SOUTH BALSH KHALI BOX CULVERT,3.0,A,22.5467727210909,91.6926260603636,bridge
445,N1,209.514,RCC Girder Bridge,BARSH BARIA BRIDGE,21.6,B,22.5543319776357,91.6887963149094,bridge
446,N1,209.024,Box Culvert,OHIDPUR BOX CULVERT,4.1,A,22.5585210862619,91.687506242492,bridge
447,N1,208.1,Box Culvert,R. R TEXTAIL BOX CULVERT,4.5,A,22.5664212916363,91.6851826636363,bridge
448,N1,207.913,Box Culvert,CHARA KANDI BOX CULVERT,8.2,A,22.5679968064462,91.6846866604958,bridge
449,N1,207.64,Box Culvert,PHPMORE BON CULVERT,3.0,A,22.5702905930578,91.6840096656198,bridge
450,N1,206.866,Box Culvert,BARO-CUNDHOW BOX CULVERT,10.2,A,22.5767930229508,91.68162274153,bridge
451,N1,206.3,Box Culvert,BAROGINDO CULVERT,2.5,A,22.5815086746355,91.6795390413994,bridge
452,N1,205.615,RCC Girder Bridge,BAROCONDO BRIDGE,22.25,C,22.5870350167767,91.6770444686922,bridge
453,N1,204.765,Box Culvert,HATILOTA BOX CULVERT,4.5,A,22.5938881803921,91.6738889367647,bridge
454,N1,204.342,Box Culvert,SKM BOX CULVERT(1,9.3,B,22.5971665766519,91.671819207489,bridge
455,N1,203.651,Box Culvert,KALIAVA BOX CULVERT,4.5,B,22.6023506949579,91.6683367336134,bridge
456,N1,203.457,Box Culvert,DOKHIN MOHADEB PUR BOX CULVERT,2.95,A,22.6038394411764,91.6673745588235,bridge
457,N1,202.435,Box Culvert,MADICAL MORE CULVERT,3.0,A,22.6117556741935,91.6625686731182,bridge
458,N1,201.999,Slab Culvert,PURBOMOHADAB PUR SLAB CULVERT(L,4.6,A,22.6149899686274,91.6602670503268,bridge
459,N1,201.999,Box Culvert,DULAHAJRA(R,4.6,A,22.6149899686274,91.6602670503268,bridge
460,N1,201.52,Box Culvert,MOHADAB PUR BOX CULVERT,3.0,A,22.6177563490118,91.6580589438735,bridge
461,N1,200.918,Slab Culvert,SITAKUNDA SLAB,3.0,A,22.6230461711711,91.6554672531531,bridge
462,N1,200.575,Box Culvert,UTTOR SITAKONDO BAZAR BOX CULVERT,6.1,B,22.6258323373493,91.6541857554217,bridge
463,N1,200.277,Box Culvert,EGOL PUR BOX CULVERT,3.0,A,22.6281666352941,91.6527578258312,bridge
464,N1,199.502,Box Culvert,KACHAI POTTI BOX CULVERT,3.0,A,22.6343285718685,91.6492077265913,bridge
465,N1,199.279,Box Culvert,KACHAI PATH BOX CULVERT,3.0,A,22.636096590965,91.648209240657,bridge
466,N1,197.846,Box Culvert,BOTTOL BOX CULVERT,12.4,A,22.6474561112311,91.6419171170626,bridge
467,N1,197.39,Box Culvert,NUNA CHARA BOX CULVERT,4.6,A,22.6510709547445,91.6400341194647,bridge
468,N1,196.925,Box Culvert,RONA SORA CULVERT,3.1,A,22.6547124294117,91.6379261764705,bridge
469,N1,196.038,Box Culvert,SATU DURUAR HAT BOX CULVERT,3.0,A,22.6615956814814,91.6335257425926,bridge
470,N1,195.501,Box Culvert,MIRJA PUR (3 BOX CULVERT,3.0,A,22.6657838981081,91.6311293581081,bridge
471,N1,194.998,Box Culvert,Tarial Bazar Culvert,3.0,A,22.6699594391304,91.6293531695652,bridge
472,N1,194.149,Box Culvert,TARAT BOX CULVERT,6.0,A,22.6769772991044,91.6268169453731,bridge
473,N1,192.95,Box Culvert,BORO KAMALDA BOX CULVERT,3.2,A,22.6868697647058,91.6220385823529,bridge
474,N1,192.408,Box Culvert,VANGGARPOL BOX CULVERT,4.2,A,22.6912517148148,91.6201690574074,bridge
475,N1,191.107,Box Culvert,DUKHIN UTHPAR BOX CULVERT,19.2,A,22.701816503937,91.6149734608923,bridge
476,N1,189.58,Box Culvert,ISAMATI BOX CULVERT,19.2,C,22.7138727382812,91.6082352218749,bridge
477,N1,189.13,Box Culvert,MIRZAPUR (2 BOX CULVERT,3.0,A,22.7172707342307,91.6061084846153,bridge
478,N1,189.058,Box Culvert,MIRJAPUR BOX CULVERT,3.0,A,22.7178243865384,91.6057623307692,bridge
479,N1,188.35,Box Culvert,NIAZAMPUR BOX CULVERT,3.0,A,22.723316755473,91.6024331404452,bridge
480,N1,185.842,Box Culvert,BOTHAGIA (-3 BOX CULVERT,8.1,B,22.7445136523437,91.5943998915364,bridge
481,N1,185.058,Box Culvert,VARTAGIA BOX CULVERT,3.0,A,22.7506393495689,91.5908840370689,bridge
482,N1,184.654,Box Culvert,VARTAKA BOX CULVERT,12.9,A,22.7535653245121,91.5886004236585,bridge
483,N1,183.296,Box Culvert,BOKIMTOLA BOX CULVERT,4.0,A,22.7630626913907,91.5804538821192,bridge
484,N1,182.318,Box Culvert,IANAINIPOL BOX CULVERT.,9.7,A,22.770251666098,91.5750905211087,bridge
485,N1,181.825,Box Culvert,Mirsorai(2 box culvert,6.0,A,22.774197092,91.5728737519999,bridge
486,N1,180.85,RCC Girder Bridge,MIRAISORI BRIDGE,23.2,B,22.7821968918511,91.5691025661971,bridge
487,N1,179.363,Box Culvert,MIRSARAI BOX CUL,4.5,A,22.7941813523326,91.5629612622718,bridge
488,N1,177.247,Box Culvert,MUCHIPOOL CULVERT,9.5,B,22.811563437647,91.5562562129411,bridge
489,N1,175.785,Box Culvert,PURPU DURGAPURE BOX CUL,12.4,C,22.8243706577981,91.5526915454128,bridge
490,N1,175.013,Box Culvert,RAIPUR (2 BOX CULVERT,4.5,A,22.8309613422018,91.5505028545871,bridge
491,N1,174.804,Box Culvert,RAIPUR BOX CUL-1,3.0,A,22.8327467692419,91.5501035014577,bridge
492,N1,173.859,Box Culvert,MUSTAN NAGAR -4,3.0,A,22.8410943334277,91.5488096951841,bridge
493,N1,173.585,Box Culvert,MASTARI HAGOR 3 CULVERT,1.5,A,22.8434551375,91.54814955625,bridge
494,N1,173.35,Box Culvert,MUSTAU NOGAR(2,3.0,A,22.8453914894736,91.5474689210526,bridge
495,N1,172.969,Box Culvert,MASTANNAGOR BONCUL(1,8.5,A,22.8486172764705,91.5463706117647,bridge
496,N1,172.23,Slab Culvert,MAMAFAKIR ASTANA SLAB CULVERT,1.5,A,22.8551475327433,91.5458221849557,bridge
497,N1,172.122,Box Culvert,MAMAFOUN ASTANA CULVERT,1.5,A,22.8560565672727,91.5457188709091,bridge
498,N1,171.728,Box Culvert,MADDUM SONAPHAR-3,2.0,A,22.8594847882591,91.5454799987854,bridge
499,N1,171.554,Box Culvert,DHARBAR TILA CULVERT,4.3,A,22.8609876872509,91.5451551717131,bridge
500,N1,170.725,Box Culvert,MADDAM SONAPAR(1 BOX CULVERT,1.5,A,22.8680563702127,91.5432963340425,bridge
501,N1,170.174,Box Culvert,CHAIRMEN BARI BOX CULVERT,2.0,A,22.872722034892,91.5415958766187,bridge
502,N1,169.933,Box Culvert,UTTOR SONAPAR BOX CULVERT,4.3,A,22.8746986941176,91.5408836647058,bridge
503,N1,167.963,Box Culvert,BAROYARHAT BOX CULVERT,3.0,A,22.8916386,91.5354719,bridge
504,N1,166.479,Slab Culvert,BOROYAR PARA SLUB CULVERT,3.0,A,22.9042462955223,91.5316297776119,bridge
505,N1,165.825,Box Culvert,BUMGAT BOXCULVERT,6.1,A,22.9097128884012,91.5289285034482,bridge
506,N1,165.183,PC Girder Bridge,DHOOM GHAT PC GIRDER,220.6,B,22.9149647061403,91.5262895350877,bridge
507,N1,165.183,PC Girder Bridge,DumGhat Bridge(L,222.43,A,22.9149647061403,91.5262895350877,bridge
508,N1,160.379,PC Girder Bridge,MUHURI BRIDGE,191.5,B,22.9496126090047,91.502066899526,bridge
509,N1,158.031,Box Culvert,FAZAILPUR BOXCULVERT,1.5,A,22.9486038666666,91.4794993833333,bridge
510,N1,153.843,PC Girder Bridge,LAMUA BRIDGE,94.05,B,22.9614487369369,91.4429962027027,bridge
511,N1,148.495,Box Culvert,.,1.9,A,22.9927169359869,91.4047486961832,bridge
512,N1,148.174,PC Girder Bridge,Rampur Bridge(R,22.15,A,22.9945936133042,91.4024539137404,bridge
513,N1,148.151,RCC Girder Bridge,RAMPUR BRIDGE,23.4,A,22.9947280792802,91.4022894900763,bridge
514,N1,147.296,Box Culvert,RAMPUR BOX CULVERT,1.5,A,22.999248756,91.3957752,bridge
515,N1,144.939,Box Culvert,CHARIPUR CULVERT.,3.4,A,23.0124048410423,91.3779796149837,bridge
516,N1,142.793,Slab Culvert,DEBIPUR SLAB CULVERT,1.6,A,23.0269801170731,91.3655004839721,bridge
517,N1,141.531,Box Culvert,FATAPUR BOX CULVERT,10.8,A,23.0379728055555,91.3656784724359,bridge
518,N1,138.953,Box Culvert,MOHAMMAD ALI MAZAR,4.0,B,23.0607473333333,91.3618624619047,bridge
519,N1,137.856,Box Culvert,DUTHOSHA BOX CULVERT,6.1,B,23.070198184,91.3603022,bridge
520,N1,136.899,Box Culvert,KOKALI BOX CULVERT,14.2,B,23.0779647046997,91.3566005031331,bridge
521,N1,136.375,Box Culvert,UTTOR KAIEATI CULVERT,3.5,A,23.0819909531309,91.3541811474383,bridge
522,N1,135.723,Box Culvert,FOEALTPARA BOX CULVERT,9.25,B,23.0870753710144,91.3512101492753,bridge
523,N1,134.974,Box Culvert,PODOYA BOX CULVERT,3.1,A,23.0930298369186,91.3478308386627,bridge
524,N1,134.426,Box Culvert,ADONCORA,9.5,B,23.0973512527272,91.3454956309091,bridge
525,N1,133.873,Box Culvert,CHANGARPULL(II BOX CULVERT,3.1,B,23.1017563206521,91.343162998913,bridge
526,N1,133.155,Box Culvert,Chanara Box Culvert,6.1,A,23.1074284451388,91.3400495436111,bridge
527,N1,132.079,Box Culvert,KAKKARA CULVERT,5.3,B,23.1158251554,91.335094485,bridge
528,N1,131.577,Slab Culvert,FOKIR BAZAR SLAB CULVERT,4.5,B,23.1196973774193,91.3328165129032,bridge
529,N1,130.912,Box Culvert,HASO BOTHACH BOX CULVERT,6.5,A,23.1252363577777,91.3303863688888,bridge
530,N1,129.955,Box Culvert,JAGOT PUR BOX CULVERT,3.0,B,23.1332639685968,91.327546416481,bridge
531,N1,129.291,Box Culvert,JAGARNATHPUR BOX CULVERT,6.1,B,23.1389893200345,91.3263585348877,bridge
532,N1,128.767,Box Culvert,DIMATOLY (2 BOX CULVERT,3.5,B,23.1436667679334,91.3266680470308,bridge
533,N1,127.673,Box Culvert,DIMATOLI (1 BOX CULVERT,6.3,B,23.1527364949367,91.3243178772152,bridge
534,N1,126.448,Box Culvert,ANDAJER BAZER BOX CULVERT,9.5,A,23.1635138669191,91.3215889464646,bridge
535,N1,125.41,Box Culvert,NANKORA BOX CULVERT,3.1,B,23.1726272318681,91.3205774642857,bridge
536,N1,124.346,Box Culvert,BASHONTA PUR (2,9.5,B,23.1817958149837,91.3208787514658,bridge
537,N1,123.681,Box Culvert,BOSONTA PUR BOX CULVERT,6.1,C,23.1874350254302,91.3209051317399,bridge
538,N1,122.603,Box Culvert,ATTOCK GRAM BOX CULVERT,6.1,A,23.1961887953757,91.3176705069364,bridge
539,N1,121.567,Box Culvert,FALGUNCORA CULVERT,6.1,A,23.2050386287937,91.3163167282749,bridge
540,N1,120.634,Box Culvert,HAYDAR POLE BOX CULVERT,14.3,B,23.2131955721448,91.3153497403899,bridge
541,N1,119.628,Box Culvert,CHADDAGRAM BAZAR BOX CULVERT,6.0,A,23.2220338977777,91.3137005933333,bridge
542,N1,119.19,Box Culvert,CHAUDDAGARAM BOX CULVERT,2.6,B,23.2259184472573,91.3135697177215,bridge
543,N1,118.856,Box Culvert,KALIA BAZER BOC CULVERT,3.1,B,23.2289195919642,91.3134220678571,bridge
544,N1,118.049,Box Culvert,KALIR BAZAR BOX CULVERT,2.5,A,23.2360759516523,91.3129901976744,bridge
545,N1,117.627,Box Culvert,BALUZURI 2 CULVERT,2.6,A,23.2397920309669,91.3125740860465,bridge
546,N1,117.269,Box Culvert,BALUJURI BOX CULVERT,19.2,B,23.2429040619631,91.3119739539877,bridge
547,N1,117.087,Box Culvert,SONAGATI BOX CULVERT,2.5,B,23.2443915125925,91.3114032292592,bridge
548,N1,116.074,Box Culvert,HARISHARDE CULVERT,4.5,B,23.2527463398104,91.3083926405213,bridge
549,N1,115.525,Box Culvert,NOWA PARA BOX CULVERT,3.6,B,23.2576429774881,91.3076156494075,bridge
550,N1,115.326,Slab Culvert,RANGOWATIA 2 CULVERT,3.0,B,23.25941665,91.3073611,bridge
551,N1,115.052,Box Culvert,RANGAMATIA (1 BOX CULVERT,3.0,B,23.2618360940594,91.3070217386138,bridge
552,N1,113.717,Box Culvert,AMAN GONG SLAB CULVERT,6.3,B,23.27301895,91.3029661882,bridge
553,N1,112.469,Box Culvert,BOWCHI BAZAR CULVERT,4.6,B,23.2821949258397,91.2966655096899,bridge
554,N1,111.509,Box Culvert,SUPUYA BOX CULVERT,13.4,A,23.2897066386454,91.2929584711155,bridge
555,N1,110.551,Box Culvert,LALGORE BEZER CULVERT,3.2,A,23.2979675271676,91.2910141369942,bridge
556,N1,109.897,Slab Culvert,DHARMA PUR SLAB CULVERT,2.6,B,23.3034306450331,91.2889770397351,bridge
557,N1,109.289,Box Culvert,DOLL BARI CULVERT,19.2,B,23.3083612731261,91.2865787034735,bridge
558,N1,108.125,Box Culvert,NOYA BAZER BOX CULVERT,9.2,A,23.3180696869138,91.2830867321701,bridge
559,N1,106.519,Box Culvert,MIABAZAR BOX CULVERT,24.0,A,23.3301462324,91.2748792824,bridge
560,N1,104.753,Box Culvert,CHANSIRI BOXCUIVERT,14.3,A,23.342671472,91.264485636,bridge
561,N1,103.456,RCC Girder Bridge,LAL BAG RCC GIDER BRIDGE,22.8,C,23.3521636774381,91.2572910746724,bridge
562,N1,100.938,RCC Girder Bridge,Suagazi Bridge.,30.48,A,23.3713647755,91.2450175414999,bridge
563,N1,97.257,RCC Girder Bridge,Matigara Bridge,27.35,C,23.3976518197887,91.2234221346859,bridge
564,N1,93.6,RCC Girder Bridge,Mostapur Bridge,27.35,C,23.4119324230158,91.1939029849206,bridge
565,N1,91.092,RCC Girder Bridge,Paduar Bazar Bridge,35.97,C,23.4212487704918,91.1678943372365,bridge
566,N1,87.713,RCC Girder Bridge,Dhanpur Bridge,22.85,C,23.4436339598272,91.1493668151188,bridge
567,N1,82.989,Slab Culvert,AMTOLI SLAB CULVERT,2.9,A,23.479544924,91.129047144,bridge
568,N1,82.437,Box Culvert,TIPRA BAZAR BOX CULVERT,1.4,A,23.4794083880733,91.1238920825688,bridge
569,N1,80.949,Box Culvert,NAZIRA BOX CULVERT,3.0,B,23.4781159049382,91.1070332074074,bridge
570,N1,78.382,Slab Culvert,KABILA DUBARCHAR SLAB CULVERT,1.0,C,23.4776722851,91.0847406393,bridge
571,N1,76.481,Slab Culvert,NIMSHAR SLAB CULVERT,1.5,A,23.480613086,91.0674097692,bridge
572,N1,75.312,Box Culvert,COREPAI BOX CULVERT,4.6,B,23.4817498298684,91.0563549686842,bridge
573,N1,74.279,Box Culvert,CORI PAI BOX CULVERT,4.6,B,23.4817873233065,91.0463348850746,bridge
574,N1,71.156,RCC Girder Bridge,Chandinan-Shahapara Bridge.,22.55,C,23.4868805937254,91.017566692647,bridge
575,N1,68.04,Box Culvert,MILL GHAT BOX CULVERT,4.5,A,23.4932728146,90.9887200416,bridge
576,N1,66.178,Slab Culvert,KARON KHAL SLAB CULVERT,4.6,B,23.495896314,90.9715772516,bridge
577,N1,63.538,Box Culvert,SONAPUR BOX CULVERT,3.0,A,23.5013551924,90.9473844088999,bridge
578,N1,63.098,Slab Culvert,MATIA BAZER,6.0,B,23.5024077848,90.9432418928,bridge
579,N1,60.83,Box Culvert,BAKRA BOX CULVERT,3.0,B,23.5056131416,90.9214660218,bridge
580,N1,58.838,Box Culvert,KHAT GHOR BOX CULVERT,5.9,B,23.5060024341,90.9021745389,bridge
581,N1,56.006,RCC Girder Bridge,Illiot bazar Bridge,28.9,C,23.510087758207,90.8757204035353,bridge
582,N1,52.313,Box Culvert,AITAL BANGA BOX CULVERT,4.5,C,23.5229166652,90.8442186132,bridge
583,N1,50.558,Box Culvert,RAIPUR BOX CULVERT,12.2,A,23.5329743291,90.8309774761999,bridge
584,N1,48.384,RCC Bridge,Ginlatoly,15.9,C,23.5318234765,90.8110155135,bridge
585,N1,46.871,Slab Culvert,AMIRABATH SLAB CULVERT,6.5,C,23.5308683409424,90.7918075171727,bridge
586,N1,45.164,Box Culvert,SARKAR BARI CULVERT,3.9,C,23.5307655282208,90.7800797251533,bridge
587,N1,42.936,RCC Girder Bridge,Shahid Nagor Bridge,16.5,C,23.5298050611,90.75825325,bridge
588,N1,39.86,Box Culvert,MAIS PARA BOX CULVERT,6.0,B,23.5317587831999,90.7291780095,bridge
589,N1,39.304,RCC Girder Bridge,BALDHA KHAL RCC GIDER BRIDGE,21.8,C,23.5324186,90.7242807234,bridge
590,N1,37.01,PC Box,Daud Kandi Bridge,1408.8,C,23.5303844733,90.7024402743,bridge
591,N1,35.707,Box Culvert,CHAR BOUSHEA (2,8.4,A,23.5301519626506,90.6897951837349,bridge
592,N1,35.408,RCC Girder Bridge,CHAR BOWSHIA BRIDGE(R,24.5,B,23.5313996605222,90.68744892596,bridge
593,N1,35.408,PC Girder Bridge,BORAKANDI BRIDGE(L,24.5,B,23.5313996605222,90.68744892596,bridge
594,N1,35.181,Box Culvert,.,9.5,A,23.5327751898617,90.6858701078341,bridge
595,N1,34.111,Box Culvert,BOCTAR KANDI BOX CULVERT,5.1,C,23.5393910168,90.6784577888,bridge
596,N1,32.796,Box Culvert,NOYAPARA,5.2,A,23.5476246437499,90.669192065625,bridge
597,N1,32.777,Box Culvert,PURRANBUICHE BOX CULVERT,9.1,A,23.5477377446428,90.6690554098214,bridge
598,N1,30.908,PC Girder Bridge,ALIPURA BRIDGE (L,26.3,B,23.5591910296296,90.6557475703703,bridge
599,N1,29.842,Box Culvert,VITIKANDA - ANAR PUR CULVERT,34.7,A,23.5660033956521,90.6486237247282,bridge
600,N1,28.315,PC Girder Bridge,BHATIR CHAR BRIDGE,163.5,A,23.5779800248475,90.6419193089939,bridge
601,N1,27.12,Box Culvert,MALUAKANDI CULVEDRT,5.6,A,23.58631812254,90.6345094207093,bridge
602,N1,26.452,Box Culvert,BAILAKANDI CULVERT,5.5,A,23.5908088547468,90.6302368598101,bridge
603,N1,26.115,Box Culvert,TATULTALA CULVERT,5.6,A,23.5929818827893,90.6279699370919,bridge
604,N1,24.393,PC Box,MEGHNA BRIDGE,900.0,C,23.6027595885583,90.6155316965675,bridge
605,N1,23.081,PC Girder Bridge,ASHIR CHAR (R,116.8,B,23.613587384385,90.6109029561497,bridge
606,N1,22.596,PC Girder Bridge,Ashariarchar Bridge(R,224.82,B,23.6176407964705,90.6095506105882,bridge
607,N1,22.328,Box Culvert,SANGAKADI CULVERT,5.5,B,23.6198832229508,90.6083528852459,bridge
608,N1,21.184,PC Girder Bridge,MARIKHALL BRIDGE,89.2,A,23.6284668507692,90.6023015723077,bridge
609,N1,20.397,Box Culvert,SHADIPUR BOX CULVERT,10.4,B,23.63380522,90.597394085,bridge
610,N1,19.76,Box Culvert,KRIBORDI BOX CULVERT,6.0,A,23.6379543715384,90.5936673976923,bridge
611,N1,18.742,PC Girder Bridge,MOLLIK PARA BRIDGE (R,40.5,C,23.6459685949152,90.5892119813559,bridge
612,N1,18.093,PC Girder Bridge,SONARKALI BRIDGE(L,24.5,B,23.6497543993548,90.5845490085483,bridge
613,N1,17.722,PC Girder Bridge,DARIKANDI BRIDGE (R,20.0,B,23.6515705663716,90.5814943946902,bridge
614,N1,17.722,PC Girder Bridge,DARIKANDI BRIDGE (L,20.0,B,23.6515705663716,90.5814943946902,bridge
615,N1,17.222,PC Girder Bridge,Darikandi Bridge (R,20.45,A,23.65397226,90.57741042,bridge
616,N1,17.222,PC Girder Bridge,Darikandi Bridge (L,20.5,A,23.65397226,90.57741042,bridge
617,N1,17.134,RCC Girder Bridge,Langalbandh Bridge.,159.52,C,23.6544257051136,90.576730225,bridge
618,N1,15.465,Box Culvert,MALIBAG BOX CULVERT,5.55,B,23.6633090696149,90.563856994797,bridge
619,N1,13.574,Box Culvert,KAWTALA BOX CULVERT,11.9,A,23.6778035,90.5558194349999,bridge
620,N1,12.688,PC Girder Bridge,Madanpur Bridge(R,27.5,A,23.6853619779342,90.5513591765258,bridge
621,N1,12.66,PC Girder Bridge,MADAN PUR (R,26.3,A,23.685583027027,90.551207981081,bridge
622,N1,12.66,PC Girder Bridge,Madanpur Bridge.(L,27.5,A,23.685583027027,90.551207981081,bridge
623,N1,12.253,Box Culvert,DAWAN BAG BOX CULVERT,6.1,A,23.6883197331632,90.548649807653,bridge
624,N1,12.239,Box Culvert,KHAS PARA BOX CULVERT,9.3,A,23.6884123260204,90.5485585290816,bridge
625,N1,11.808,Box Culvert,NAYABARI BOX CULVERT,10.6,B,23.6909119315151,90.5454624957575,bridge
626,N1,11.296,Box Culvert,NAYABARI KASPUR BOX CULVERT,8.3,A,23.6923601518691,90.5409183897196,bridge
627,N1,10.897,Box Culvert,ADUPUR CULVERT,6.3,A,23.6943023869158,90.5377073719626,bridge
628,N1,10.88,Box Culvert,NOYAPARA CULVERT,6.3,A,23.6943906141361,90.5375740774869,bridge
629,N1,10.543,Box Culvert,KATCHPUR BOX CULVERT,8.0,B,23.6964000869109,90.5350989801047,bridge
630,N1,8.976,PC Girder Bridge,KANCHPUR PC GIRDER BRIDGE,397.0,C,23.7050598925675,90.5232141463513,bridge
631,N1,4.925,Box Culvert,.,6.6,A,23.6946638363636,90.4877749181818,bridge
632,N1,1.8,Box Culvert,.,11.3,A,23.69873866,90.4588610799999,bridge
633,N1,0.0,sink,sink,0.0,A,23.7060278,90.443333,sink
